FOS,Friction_Angle,Cohesion,Slope_Angle,Rainfall_Intensity,Rainfall_Duration
0.537,15,0,30,10,0
0.532,15,0,30,10,1
0.528,15,0,30,10,2
0.525,15,0,30,10,3
0.522,15,0,30,10,4
0.51,15,0,30,10,8
0.501,15,0,30,10,12
0.495,15,0,30,10,16
0.49,15,0,30,10,20
0.486,15,0,30,10,24
0.54,15,0,30,30,0
0.523,15,0,30,30,1
0.504,15,0,30,30,2
0.488,15,0,30,30,3
0.476,15,0,30,30,4
0.445,15,0,30,30,8
0.424,15,0,30,30,12
0.405,15,0,30,30,16
0.387,15,0,30,30,20
0.373,15,0,30,30,24
0.54,15,0,30,60,0
0.498,15,0,30,60,1
0.463,15,0,30,60,2
0.436,15,0,30,60,3
0.416,15,0,30,60,4
0.362,15,0,30,60,8
0.323,15,0,30,60,12
0.293,15,0,30,60,16
0.27,15,0,30,60,20
0.256,15,0,30,60,24
0.88,15,5,30,10,0
0.879,15,5,30,10,1
0.878,15,5,30,10,2
0.877,15,5,30,10,3
0.876,15,5,30,10,4
0.873,15,5,30,10,8
0.87,15,5,30,10,12
0.866,15,5,30,10,16
0.863,15,5,30,10,20
0.86,15,5,30,10,24
0.881,15,5,30,30,0
0.877,15,5,30,30,1
0.874,15,5,30,30,2
0.87,15,5,30,30,3
0.867,15,5,30,30,4
0.853,15,5,30,30,8
0.838,15,5,30,30,12
0.823,15,5,30,30,16
0.811,15,5,30,30,20
0.801,15,5,30,30,24
0.881,15,5,30,60,0
0.873,15,5,30,60,1
0.866,15,5,30,60,2
0.859,15,5,30,60,3
0.85,15,5,30,60,4
0.814,15,5,30,60,8
0.782,15,5,30,60,12
0.758,15,5,30,60,16
0.745,15,5,30,60,20
0.737,15,5,30,60,24
1.161,15,10,30,10,0
1.16,15,10,30,10,1
1.159,15,10,30,10,2
1.158,15,10,30,10,3
1.157,15,10,30,10,4
1.154,15,10,30,10,8
1.15,15,10,30,10,12
1.147,15,10,30,10,16
1.144,15,10,30,10,20
1.141,15,10,30,10,24
1.162,15,10,30,30,0
1.158,15,10,30,30,1
1.155,15,10,30,30,2
1.152,15,10,30,30,3
1.149,15,10,30,30,4
1.136,15,10,30,30,8
1.124,15,10,30,30,12
1.111,15,10,30,30,16
1.098,15,10,30,30,20
1.088,15,10,30,30,24
1.162,15,10,30,60,0
1.155,15,10,30,60,1
1.148,15,10,30,60,2
1.141,15,10,30,60,3
1.135,15,10,30,60,4
1.107,15,10,30,60,8
1.074,15,10,30,60,12
1.051,15,10,30,60,16
1.037,15,10,30,60,20
1.03,15,10,30,60,24
1.424,15,15,30,10,0
1.424,15,15,30,10,1
1.423,15,15,30,10,2
1.422,15,15,30,10,3
1.421,15,15,30,10,4
1.419,15,15,30,10,8
1.415,15,15,30,10,12
1.412,15,15,30,10,16
1.41,15,15,30,10,20
1.407,15,15,30,10,24
1.425,15,15,30,30,0
1.422,15,15,30,30,1
1.42,15,15,30,30,2
1.417,15,15,30,30,3
1.414,15,15,30,30,4
1.403,15,15,30,30,8
1.393,15,15,30,30,12
1.383,15,15,30,30,16
1.371,15,15,30,30,20
1.362,15,15,30,30,24
1.425,15,15,30,60,0
1.419,15,15,30,60,1
1.414,15,15,30,60,2
1.408,15,15,30,60,3
1.402,15,15,30,60,4
1.379,15,15,30,60,8
1.349,15,15,30,60,12
1.328,15,15,30,60,16
1.315,15,15,30,60,20
1.308,15,15,30,60,24
1.684,15,20,30,10,0
1.683,15,20,30,10,1
1.682,15,20,30,10,2
1.682,15,20,30,10,3
1.681,15,20,30,10,4
1.678,15,20,30,10,8
1.675,15,20,30,10,12
1.672,15,20,30,10,16
1.669,15,20,30,10,20
1.667,15,20,30,10,24
1.685,15,20,30,30,0
1.682,15,20,30,30,1
1.679,15,20,30,30,2
1.677,15,20,30,30,3
1.674,15,20,30,30,4
1.663,15,20,30,30,8
1.653,15,20,30,30,12
1.642,15,20,30,30,16
1.63,15,20,30,30,20
1.621,15,20,30,30,24
1.685,15,20,30,60,0
1.679,15,20,30,60,1
1.673,15,20,30,60,2
1.667,15,20,30,60,3
1.662,15,20,30,60,4
1.639,15,20,30,60,8
1.609,15,20,30,60,12
1.587,15,20,30,60,16
1.575,15,20,30,60,20
1.568,15,20,30,60,24
0.728,20,0,30,10,0
0.722,20,0,30,10,1
0.716,20,0,30,10,2
0.712,20,0,30,10,3
0.708,20,0,30,10,4
0.69,20,0,30,10,8
0.678,20,0,30,10,12
0.67,20,0,30,10,16
0.664,20,0,30,10,20
0.658,20,0,30,10,24
0.732,20,0,30,30,0
0.71,20,0,30,30,1
0.683,20,0,30,30,2
0.661,20,0,30,30,3
0.645,20,0,30,30,4
0.603,20,0,30,30,8
0.575,20,0,30,30,12
0.549,20,0,30,30,16
0.525,20,0,30,30,20
0.505,20,0,30,30,24
0.732,20,0,30,60,0
0.674,20,0,30,60,1
0.627,20,0,30,60,2
0.591,20,0,30,60,3
0.564,20,0,30,60,4
0.491,20,0,30,60,8
0.438,20,0,30,60,12
0.397,20,0,30,60,16
0.373,20,0,30,60,20
0.347,20,0,30,60,24
1.087,20,5,30,10,0
1.084,20,5,30,10,1
1.083,20,5,30,10,2
1.081,20,5,30,10,3
1.08,20,5,30,10,4
1.074,20,5,30,10,8
1.068,20,5,30,10,12
1.062,20,5,30,10,16
1.056,20,5,30,10,20
1.052,20,5,30,10,24
1.088,20,5,30,30,0
1.081,20,5,30,30,1
1.076,20,5,30,30,2
1.07,20,5,30,30,3
1.065,20,5,30,30,4
1.042,20,5,30,30,8
1.021,20,5,30,30,12
1.001,20,5,30,30,16
0.985,20,5,30,30,20
0.971,20,5,30,30,24
1.088,20,5,30,60,0
1.075,20,5,30,60,1
1.063,20,5,30,60,2
1.051,20,5,30,60,3
1.038,20,5,30,60,4
0.989,20,5,30,60,8
0.946,20,5,30,60,12
0.915,20,5,30,60,16
0.896,20,5,30,60,20
0.887,20,5,30,60,24
1.376,20,10,30,10,0
1.375,20,10,30,10,1
1.373,20,10,30,10,2
1.372,20,10,30,10,3
1.371,20,10,30,10,4
1.367,20,10,30,10,8
1.362,20,10,30,10,12
1.357,20,10,30,10,16
1.354,20,10,30,10,20
1.35,20,10,30,10,24
1.377,20,10,30,30,0
1.372,20,10,30,30,1
1.368,20,10,30,30,2
1.364,20,10,30,30,3
1.359,20,10,30,30,4
1.343,20,10,30,30,8
1.327,20,10,30,30,12
1.31,20,10,30,30,16
1.292,20,10,30,30,20
1.278,20,10,30,30,24
1.377,20,10,30,60,0
1.367,20,10,30,60,1
1.358,20,10,30,60,2
1.349,20,10,30,60,3
1.34,20,10,30,60,4
1.303,20,10,30,60,8
1.259,20,10,30,60,12
1.228,20,10,30,60,16
1.21,20,10,30,60,20
1.2,20,10,30,60,24
1.655,20,15,30,10,0
1.654,20,15,30,10,1
1.652,20,15,30,10,2
1.651,20,15,30,10,3
1.65,20,15,30,10,4
1.645,20,15,30,10,8
1.641,20,15,30,10,12
1.636,20,15,30,10,16
1.632,20,15,30,10,20
1.628,20,15,30,10,24
1.656,20,15,30,30,0
1.652,20,15,30,30,1
1.647,20,15,30,30,2
1.643,20,15,30,30,3
1.639,20,15,30,30,4
1.622,20,15,30,30,8
1.606,20,15,30,30,12
1.588,20,15,30,30,16
1.57,20,15,30,30,20
1.556,20,15,30,30,24
1.656,20,15,30,60,0
1.647,20,15,30,60,1
1.638,20,15,30,60,2
1.629,20,15,30,60,3
1.62,20,15,30,60,4
1.582,20,15,30,60,8
1.537,20,15,30,60,12
1.506,20,15,30,60,16
1.488,20,15,30,60,20
1.477,20,15,30,60,24
1.915,20,20,30,10,0
1.914,20,20,30,10,1
1.913,20,20,30,10,2
1.912,20,20,30,10,3
1.911,20,20,30,10,4
1.907,20,20,30,10,8
1.903,20,20,30,10,12
1.899,20,20,30,10,16
1.895,20,20,30,10,20
1.892,20,20,30,10,24
1.916,20,20,30,30,0
1.912,20,20,30,30,1
1.908,20,20,30,30,2
1.905,20,20,30,30,3
1.901,20,20,30,30,4
1.886,20,20,30,30,8
1.873,20,20,30,30,12
1.859,20,20,30,30,16
1.842,20,20,30,30,20
1.83,20,20,30,30,24
1.918,20,20,30,60,0
1.908,20,20,30,60,1
1.9,20,20,30,60,2
1.892,20,20,30,60,3
1.885,20,20,30,60,4
1.853,20,20,30,60,8
1.813,20,20,30,60,12
1.784,20,20,30,60,16
1.766,20,20,30,60,20
1.756,20,20,30,60,24
0.932,25,0,30,10,0
0.924,25,0,30,10,1
0.917,25,0,30,10,2
0.911,25,0,30,10,3
0.906,25,0,30,10,4
0.883,25,0,30,10,8
0.868,25,0,30,10,12
0.858,25,0,30,10,16
0.85,25,0,30,10,20
0.843,25,0,30,10,24
0.937,25,0,30,30,0
0.909,25,0,30,30,1
0.874,25,0,30,30,2
0.846,25,0,30,30,3
0.825,25,0,30,30,4
0.772,25,0,30,30,8
0.736,25,0,30,30,12
0.703,25,0,30,30,16
0.672,25,0,30,30,20
0.647,25,0,30,30,24
0.937,25,0,30,60,0
0.862,25,0,30,60,1
0.802,25,0,30,60,2
0.757,25,0,30,60,3
0.723,25,0,30,60,4
0.628,25,0,30,60,8
0.561,25,0,30,60,12
0.509,25,0,30,60,16
0.477,25,0,30,60,20
0.444,25,0,30,60,24
1.3,25,5,30,10,0
1.298,25,5,30,10,1
1.295,25,5,30,10,2
1.293,25,5,30,10,3
1.291,25,5,30,10,4
1.284,25,5,30,10,8
1.276,25,5,30,10,12
1.268,25,5,30,10,16
1.262,25,5,30,10,20
1.256,25,5,30,10,24
1.302,25,5,30,30,0
1.293,25,5,30,30,1
1.286,25,5,30,30,2
1.279,25,5,30,30,3
1.272,25,5,30,30,4
1.243,25,5,30,30,8
1.217,25,5,30,30,12
1.192,25,5,30,30,16
1.171,25,5,30,30,20
1.153,25,5,30,30,24
1.302,25,5,30,60,0
1.285,25,5,30,60,1
1.27,25,5,30,60,2
1.254,25,5,30,60,3
1.238,25,5,30,60,4
1.176,25,5,30,60,8
1.122,25,5,30,60,12
1.081,25,5,30,60,16
1.058,25,5,30,60,20
1.045,25,5,30,60,24
1.604,25,10,30,10,0
1.602,25,10,30,10,1
1.6,25,10,30,10,2
1.599,25,10,30,10,3
1.597,25,10,30,10,4
1.592,25,10,30,10,8
1.587,25,10,30,10,12
1.581,25,10,30,10,16
1.577,25,10,30,10,20
1.572,25,10,30,10,24
1.606,25,10,30,30,0
1.599,25,10,30,30,1
1.594,25,10,30,30,2
1.588,25,10,30,30,3
1.582,25,10,30,30,4
1.561,25,10,30,30,8
1.541,25,10,30,30,12
1.515,25,10,30,30,16
1.494,25,10,30,30,20
1.476,25,10,30,30,24
1.606,25,10,30,60,0
1.593,25,10,30,60,1
1.58,25,10,30,60,2
1.569,25,10,30,60,3
1.557,25,10,30,60,4
1.5,25,10,30,60,8
1.444,25,10,30,60,12
1.404,25,10,30,60,16
1.38,25,10,30,60,20
1.367,25,10,30,60,24
1.885,25,15,30,10,0
1.883,25,15,30,10,1
1.881,25,15,30,10,2
1.88,25,15,30,10,3
1.878,25,15,30,10,4
1.873,25,15,30,10,8
1.867,25,15,30,10,12
1.861,25,15,30,10,16
1.856,25,15,30,10,20
1.851,25,15,30,10,24
1.886,25,15,30,30,0
1.88,25,15,30,30,1
1.875,25,15,30,30,2
1.87,25,15,30,30,3
1.864,25,15,30,30,4
1.842,25,15,30,30,8
1.822,25,15,30,30,12
1.8,25,15,30,30,16
1.777,25,15,30,30,20
1.759,25,15,30,30,24
1.886,25,15,30,60,0
1.874,25,15,30,60,1
1.863,25,15,30,60,2
1.852,25,15,30,60,3
1.84,25,15,30,60,4
1.792,25,15,30,60,8
1.735,25,15,30,60,12
1.695,25,15,30,60,16
1.671,25,15,30,60,20
1.659,25,15,30,60,24
2.162,25,20,30,10,0
2.16,25,20,30,10,1
2.159,25,20,30,10,2
2.157,25,20,30,10,3
2.156,25,20,30,10,4
2.151,25,20,30,10,8
2.145,25,20,30,10,12
2.139,25,20,30,10,16
2.134,25,20,30,10,20
2.13,25,20,30,10,24
2.163,25,20,30,30,0
2.158,25,20,30,30,1
2.153,25,20,30,30,2
2.149,25,20,30,30,3
2.143,25,20,30,30,4
2.121,25,20,30,30,8
2.1,25,20,30,30,12
2.078,25,20,30,30,16
2.055,25,20,30,30,20
2.037,25,20,30,30,24
2.163,25,20,30,60,0
2.153,25,20,30,60,1
2.142,25,20,30,60,2
2.131,25,20,30,60,3
2.119,25,20,30,60,4
2.07,25,20,30,60,8
2.013,25,20,30,60,12
1.973,25,20,30,60,16
1.949,25,20,30,60,20
1.936,25,20,30,60,24
1.152,30,0,30,10,0
1.143,30,0,30,10,1
1.135,30,0,30,10,2
1.127,30,0,30,10,3
1.121,30,0,30,10,4
1.092,30,0,30,10,8
1.073,30,0,30,10,12
1.06,30,0,30,10,16
1.05,30,0,30,10,20
1.042,30,0,30,10,24
1.159,30,0,30,30,0
1.124,30,0,30,30,1
1.08,30,0,30,30,2
1.045,30,0,30,30,3
1.02,30,0,30,30,4
0.955,30,0,30,30,8
0.91,30,0,30,30,12
0.869,30,0,30,30,16
0.832,30,0,30,30,20
0.8,30,0,30,30,24
1.159,30,0,30,60,0
1.066,30,0,30,60,1
0.992,30,0,30,60,2
0.936,30,0,30,60,3
0.894,30,0,30,60,4
0.777,30,0,30,60,8
0.694,30,0,30,60,12
0.63,30,0,30,60,16
0.59,30,0,30,60,20
0.549,30,0,30,60,24
1.531,30,5,30,10,0
1.528,30,5,30,10,1
1.525,30,5,30,10,2
1.522,30,5,30,10,3
1.52,30,5,30,10,4
1.511,30,5,30,10,8
1.501,30,5,30,10,12
1.492,30,5,30,10,16
1.485,30,5,30,10,20
1.478,30,5,30,10,24
1.534,30,5,30,30,0
1.523,30,5,30,30,1
1.514,30,5,30,30,2
1.505,30,5,30,30,3
1.496,30,5,30,30,4
1.462,30,5,30,30,8
1.43,30,5,30,30,12
1.399,30,5,30,30,16
1.373,30,5,30,30,20
1.351,30,5,30,30,24
1.534,30,5,30,60,0
1.512,30,5,30,60,1
1.494,30,5,30,60,2
1.474,30,5,30,60,3
1.456,30,5,30,60,4
1.379,30,5,30,60,8
1.31,30,5,30,60,12
1.258,30,5,30,60,16
1.227,30,5,30,60,20
1.209,30,5,30,60,24
1.851,30,10,30,10,0
1.849,30,10,30,10,1
1.846,30,10,30,10,2
1.844,30,10,30,10,3
1.842,30,10,30,10,4
1.835,30,10,30,10,8
1.825,30,10,30,10,12
1.816,30,10,30,10,16
1.808,30,10,30,10,20
1.801,30,10,30,10,24
1.853,30,10,30,30,0
1.845,30,10,30,30,1
1.837,30,10,30,30,2
1.829,30,10,30,30,3
1.82,30,10,30,30,4
1.785,30,10,30,30,8
1.753,30,10,30,30,12
1.722,30,10,30,30,16
1.695,30,10,30,30,20
1.673,30,10,30,30,24
1.853,30,10,30,60,0
1.836,30,10,30,60,1
1.818,30,10,30,60,2
1.798,30,10,30,60,3
1.78,30,10,30,60,4
1.703,30,10,30,60,8
1.634,30,10,30,60,12
1.584,30,10,30,60,16
1.555,30,10,30,60,20
1.539,30,10,30,60,24
2.134,30,15,30,10,0
2.132,30,15,30,10,1
2.13,30,15,30,10,2
2.128,30,15,30,10,3
2.126,30,15,30,10,4
2.119,30,15,30,10,8
2.112,30,15,30,10,12
2.105,30,15,30,10,16
2.099,30,15,30,10,20
2.093,30,15,30,10,24
2.136,30,15,30,30,0
2.128,30,15,30,30,1
2.121,30,15,30,30,2
2.114,30,15,30,30,3
2.107,30,15,30,30,4
2.081,30,15,30,30,8
2.057,30,15,30,30,12
2.03,30,15,30,30,16
2.001,30,15,30,30,20
1.98,30,15,30,30,24
2.136,30,15,30,60,0
2.12,30,15,30,60,1
2.105,30,15,30,60,2
2.09,30,15,30,60,3
2.076,30,15,30,60,4
2.018,30,15,30,60,8
1.949,30,15,30,60,12
1.9,30,15,30,60,16
1.872,30,15,30,60,20
1.856,30,15,30,60,24
2.413,30,20,30,10,0
2.41,30,20,30,10,1
2.408,30,20,30,10,2
2.406,30,20,30,10,3
2.404,30,20,30,10,4
2.397,30,20,30,10,8
2.39,30,20,30,10,12
2.383,30,20,30,10,16
2.377,30,20,30,10,20
2.371,30,20,30,10,24
2.415,30,20,30,30,0
2.407,30,20,30,30,1
2.4,30,20,30,30,2
2.394,30,20,30,30,3
2.387,30,20,30,30,4
2.36,30,20,30,30,8
2.335,30,20,30,30,12
2.307,30,20,30,30,16
2.279,30,20,30,30,20
2.257,30,20,30,30,24
2.415,30,20,30,60,0
2.4,30,20,30,60,1
2.386,30,20,30,60,2
2.372,30,20,30,60,3
2.358,30,20,30,60,4
2.298,30,20,30,60,8
2.227,30,20,30,60,12
2.178,30,20,30,60,16
2.149,30,20,30,60,20
2.133,30,20,30,60,24
0.336,15,0,45,10,0
0.332,15,0,45,10,1
0.33,15,0,45,10,2
0.329,15,0,45,10,3
0.328,15,0,45,10,4
0.321,15,0,45,10,8
0.318,15,0,45,10,12
0.315,15,0,45,10,16
0.314,15,0,45,10,20
0.313,15,0,45,10,24
0.336,15,0,45,30,0
0.328,15,0,45,30,1
0.317,15,0,45,30,2
0.31,15,0,45,30,3
0.304,15,0,45,30,4
0.289,15,0,45,30,8
0.278,15,0,45,30,12
0.267,15,0,45,30,16
0.254,15,0,45,30,20
0.243,15,0,45,30,24
0.336,15,0,45,60,0
0.313,15,0,45,60,1
0.292,15,0,45,60,2
0.276,15,0,45,60,3
0.263,15,0,45,60,4
0.234,15,0,45,60,8
0.206,15,0,45,60,12
0.188,15,0,45,60,16
0.181,15,0,45,60,20
0.178,15,0,45,60,24
0.696,15,5,45,10,0
0.694,15,5,45,10,1
0.693,15,5,45,10,2
0.691,15,5,45,10,3
0.69,15,5,45,10,4
0.688,15,5,45,10,8
0.684,15,5,45,10,12
0.68,15,5,45,10,16
0.677,15,5,45,10,20
0.673,15,5,45,10,24
0.696,15,5,45,30,0
0.691,15,5,45,30,1
0.688,15,5,45,30,2
0.686,15,5,45,30,3
0.683,15,5,45,30,4
0.669,15,5,45,30,8
0.656,15,5,45,30,12
0.644,15,5,45,30,16
0.637,15,5,45,30,20
0.631,15,5,45,30,24
0.696,15,5,45,60,0
0.688,15,5,45,60,1
0.681,15,5,45,60,2
0.673,15,5,45,60,3
0.665,15,5,45,60,4
0.634,15,5,45,60,8
0.612,15,5,45,60,12
0.599,15,5,45,60,16
0.594,15,5,45,60,20
0.592,15,5,45,60,24
0.966,15,10,45,10,0
0.965,15,10,45,10,1
0.97,15,10,45,10,2
0.969,15,10,45,10,3
0.968,15,10,45,10,4
0.962,15,10,45,10,8
0.96,15,10,45,10,12
0.958,15,10,45,10,16
0.956,15,10,45,10,20
0.954,15,10,45,10,24
0.966,15,10,45,30,0
0.969,15,10,45,30,1
0.967,15,10,45,30,2
0.962,15,10,45,30,3
0.96,15,10,45,30,4
0.952,15,10,45,30,8
0.945,15,10,45,30,12
0.935,15,10,45,30,16
0.926,15,10,45,30,20
0.92,15,10,45,30,24
0.966,15,10,45,60,0
0.967,15,10,45,60,1
0.96,15,10,45,60,2
0.955,15,10,45,60,3
0.95,15,10,45,60,4
0.929,15,10,45,60,8
0.905,15,10,45,60,12
0.891,15,10,45,60,16
0.886,15,10,45,60,20
0.884,15,10,45,60,24
1.221,15,15,45,10,0
1.22,15,15,45,10,1
1.219,15,15,45,10,2
1.218,15,15,45,10,3
1.217,15,15,45,10,4
1.215,15,15,45,10,8
1.213,15,15,45,10,12
1.211,15,15,45,10,16
1.192,15,15,45,10,20
1.197,15,15,45,10,24
1.221,15,15,45,30,0
1.218,15,15,45,30,1
1.216,15,15,45,30,2
1.215,15,15,45,30,3
1.213,15,15,45,30,4
1.192,15,15,45,30,8
1.188,15,15,45,30,12
1.18,15,15,45,30,16
1.17,15,15,45,30,20
1.164,15,15,45,30,24
1.221,15,15,45,60,0
1.216,15,15,45,60,1
1.212,15,15,45,60,2
1.208,15,15,45,60,3
1.187,15,15,45,60,4
1.175,15,15,45,60,8
1.15,15,15,45,60,12
1.136,15,15,45,60,16
1.13,15,15,45,60,20
1.128,15,15,45,60,24
1.464,15,20,45,10,0
1.463,15,20,45,10,1
1.462,15,20,45,10,2
1.461,15,20,45,10,3
1.46,15,20,45,10,4
1.458,15,20,45,10,8
1.457,15,20,45,10,12
1.454,15,20,45,10,16
1.452,15,20,45,10,20
1.451,15,20,45,10,24
1.464,15,20,45,30,0
1.461,15,20,45,30,1
1.459,15,20,45,30,2
1.458,15,20,45,30,3
1.456,15,20,45,30,4
1.449,15,20,45,30,8
1.441,15,20,45,30,12
1.433,15,20,45,30,16
1.423,15,20,45,30,20
1.417,15,20,45,30,24
1.464,15,20,45,60,0
1.459,15,20,45,60,1
1.456,15,20,45,60,2
1.451,15,20,45,60,3
1.447,15,20,45,60,4
1.429,15,20,45,60,8
1.404,15,20,45,60,12
1.39,15,20,45,60,16
1.384,15,20,45,60,20
1.382,15,20,45,60,24
0.455,20,0,45,10,0
0.451,20,0,45,10,1
0.448,20,0,45,10,2
0.446,20,0,45,10,3
0.445,20,0,45,10,4
0.435,20,0,45,10,8
0.43,20,0,45,10,12
0.426,20,0,45,10,16
0.424,20,0,45,10,20
0.423,20,0,45,10,24
0.455,20,0,45,30,0
0.445,20,0,45,30,1
0.43,20,0,45,30,2
0.42,20,0,45,30,3
0.412,20,0,45,30,4
0.392,20,0,45,30,8
0.377,20,0,45,30,12
0.362,20,0,45,30,16
0.344,20,0,45,30,20
0.329,20,0,45,30,24
0.455,20,0,45,60,0
0.424,20,0,45,60,1
0.396,20,0,45,60,2
0.375,20,0,45,60,3
0.358,20,0,45,60,4
0.317,20,0,45,60,8
0.279,20,0,45,60,12
0.254,20,0,45,60,16
0.247,20,0,45,60,20
0.244,20,0,45,60,24
0.836,20,5,45,10,0
0.833,20,5,45,10,1
0.831,20,5,45,10,2
0.829,20,5,45,10,3
0.828,20,5,45,10,4
0.824,20,5,45,10,8
0.819,20,5,45,10,12
0.814,20,5,45,10,16
0.81,20,5,45,10,20
0.805,20,5,45,10,24
0.836,20,5,45,30,0
0.829,20,5,45,30,1
0.825,20,5,45,30,2
0.821,20,5,45,30,3
0.817,20,5,45,30,4
0.8,20,5,45,30,8
0.782,20,5,45,30,12
0.768,20,5,45,30,16
0.757,20,5,45,30,20
0.749,20,5,45,30,24
0.836,20,5,45,60,0
0.824,20,5,45,60,1
0.815,20,5,45,60,2
0.804,20,5,45,60,3
0.794,20,5,45,60,4
0.753,20,5,45,60,8
0.724,20,5,45,60,12
0.706,20,5,45,60,16
0.699,20,5,45,60,20
0.696,20,5,45,60,24
1.129,20,10,45,10,0
1.127,20,10,45,10,1
1.125,20,10,45,10,2
1.124,20,10,45,10,3
1.123,20,10,45,10,4
1.12,20,10,45,10,8
1.116,20,10,45,10,12
1.113,20,10,45,10,16
1.11,20,10,45,10,20
1.107,20,10,45,10,24
1.129,20,10,45,30,0
1.124,20,10,45,30,1
1.121,20,10,45,30,2
1.119,20,10,45,30,3
1.115,20,10,45,30,4
1.102,20,10,45,30,8
1.084,20,10,45,30,12
1.068,20,10,45,30,16
1.058,20,10,45,30,20
1.05,20,10,45,30,24
1.129,20,10,45,60,0
1.121,20,10,45,60,1
1.114,20,10,45,60,2
1.107,20,10,45,60,3
1.096,20,10,45,60,4
1.054,20,10,45,60,8
1.024,20,10,45,60,12
1.007,20,10,45,60,16
1,20,10,45,60,20
0.997,20,10,45,60,24
1.38,20,15,45,10,0
1.379,20,15,45,10,1
1.379,20,15,45,10,2
1.378,20,15,45,10,3
1.378,20,15,45,10,4
1.376,20,15,45,10,8
1.374,20,15,45,10,12
1.37,20,15,45,10,16
1.367,20,15,45,10,20
1.365,20,15,45,10,24
1.38,20,15,45,30,0
1.378,20,15,45,30,1
1.377,20,15,45,30,2
1.375,20,15,45,30,3
1.373,20,15,45,30,4
1.362,20,15,45,30,8
1.352,20,15,45,30,12
1.342,20,15,45,30,16
1.329,20,15,45,30,20
1.32,20,15,45,30,24
1.38,20,15,45,60,0
1.377,20,15,45,60,1
1.372,20,15,45,60,2
1.366,20,15,45,60,3
1.36,20,15,45,60,4
1.335,20,15,45,60,8
1.302,20,15,45,60,12
1.283,20,15,45,60,16
1.276,20,15,45,60,20
1.273,20,15,45,60,24
1.639,20,20,45,10,0
1.638,20,20,45,10,1
1.637,20,20,45,10,2
1.636,20,20,45,10,3
1.635,20,20,45,10,4
1.632,20,20,45,10,8
1.629,20,20,45,10,12
1.626,20,20,45,10,16
1.609,20,20,45,10,20
1.607,20,20,45,10,24
1.639,20,20,45,30,0
1.636,20,20,45,30,1
1.633,20,20,45,30,2
1.631,20,20,45,30,3
1.629,20,20,45,30,4
1.603,20,20,45,30,8
1.595,20,20,45,30,12
1.584,20,20,45,30,16
1.571,20,20,45,30,20
1.563,20,20,45,30,24
1.639,20,20,45,60,0
1.633,20,20,45,60,1
1.628,20,20,45,60,2
1.622,20,20,45,60,3
1.601,20,20,45,60,4
1.578,20,20,45,60,8
1.545,20,20,45,60,12
1.526,20,20,45,60,16
1.518,20,20,45,60,20
1.515,20,20,45,60,24
0.584,25,0,45,10,0
0.578,25,0,45,10,1
0.573,25,0,45,10,2
0.571,25,0,45,10,3
0.568,25,0,45,10,4
0.557,25,0,45,10,8
0.55,25,0,45,10,12
0.546,25,0,45,10,16
0.543,25,0,45,10,20
0.541,25,0,45,10,24
0.584,25,0,45,30,0
0.57,25,0,45,30,1
0.551,25,0,45,30,2
0.537,25,0,45,30,3
0.527,25,0,45,30,4
0.502,25,0,45,30,8
0.482,25,0,45,30,12
0.463,25,0,45,30,16
0.44,25,0,45,30,20
0.421,25,0,45,30,24
0.584,25,0,45,60,0
0.543,25,0,45,60,1
0.506,25,0,45,60,2
0.48,25,0,45,60,3
0.457,25,0,45,60,4
0.405,25,0,45,60,8
0.357,25,0,45,60,12
0.325,25,0,45,60,16
0.314,25,0,45,60,20
0.309,25,0,45,60,24
0.985,25,5,45,10,0
0.981,25,5,45,10,1
0.979,25,5,45,10,2
0.977,25,5,45,10,3
0.975,25,5,45,10,4
0.97,25,5,45,10,8
0.964,25,5,45,10,12
0.957,25,5,45,10,16
0.952,25,5,45,10,20
0.947,25,5,45,10,24
0.985,25,5,45,30,0
0.977,25,5,45,30,1
0.971,25,5,45,30,2
0.967,25,5,45,30,3
0.961,25,5,45,30,4
0.94,25,5,45,30,8
0.918,25,5,45,30,12
0.899,25,5,45,30,16
0.885,25,5,45,30,20
0.876,25,5,45,30,24
0.985,25,5,45,60,0
0.971,25,5,45,60,1
0.959,25,5,45,60,2
0.945,25,5,45,60,3
0.933,25,5,45,60,4
0.881,25,5,45,60,8
0.843,25,5,45,60,12
0.82,25,5,45,60,16
0.811,25,5,45,60,20
0.808,25,5,45,60,24
1.287,25,10,45,10,0
1.284,25,10,45,10,1
1.281,25,10,45,10,2
1.279,25,10,45,10,3
1.277,25,10,45,10,4
1.272,25,10,45,10,8
1.265,25,10,45,10,12
1.259,25,10,45,10,16
1.254,25,10,45,10,20
1.248,25,10,45,10,24
1.287,25,10,45,30,0
1.279,25,10,45,30,1
1.273,25,10,45,30,2
1.269,25,10,45,30,3
1.263,25,10,45,30,4
1.242,25,10,45,30,8
1.218,25,10,45,30,12
1.199,25,10,45,30,16
1.186,25,10,45,30,20
1.176,25,10,45,30,24
1.287,25,10,45,60,0
1.273,25,10,45,60,1
1.261,25,10,45,60,2
1.247,25,10,45,60,3
1.234,25,10,45,60,4
1.181,25,10,45,60,8
1.143,25,10,45,60,12
1.12,25,10,45,60,16
1.111,25,10,45,60,20
1.108,25,10,45,60,24
1.562,25,15,45,10,0
1.56,25,15,45,10,1
1.558,25,15,45,10,2
1.556,25,15,45,10,3
1.555,25,15,45,10,4
1.551,25,15,45,10,8
1.547,25,15,45,10,12
1.542,25,15,45,10,16
1.539,25,15,45,10,20
1.536,25,15,45,10,24
1.562,25,15,45,30,0
1.557,25,15,45,30,1
1.553,25,15,45,30,2
1.549,25,15,45,30,3
1.545,25,15,45,30,4
1.53,25,15,45,30,8
1.516,25,15,45,30,12
1.499,25,15,45,30,16
1.482,25,15,45,30,20
1.472,25,15,45,30,24
1.562,25,15,45,60,0
1.552,25,15,45,60,1
1.544,25,15,45,60,2
1.535,25,15,45,60,3
1.526,25,15,45,60,4
1.482,25,15,45,60,8
1.445,25,15,45,60,12
1.421,25,15,45,60,16
1.413,25,15,45,60,20
1.409,25,15,45,60,24
1.805,25,20,45,10,0
1.805,25,20,45,10,1
1.804,25,20,45,10,2
1.803,25,20,45,10,3
1.803,25,20,45,10,4
1.8,25,20,45,10,8
1.797,25,20,45,10,12
1.793,25,20,45,10,16
1.79,25,20,45,10,20
1.787,25,20,45,10,24
1.805,25,20,45,30,0
1.803,25,20,45,30,1
1.802,25,20,45,30,2
1.799,25,20,45,30,3
1.796,25,20,45,30,4
1.783,25,20,45,30,8
1.77,25,20,45,30,12
1.757,25,20,45,30,16
1.741,25,20,45,30,20
1.73,25,20,45,30,24
1.805,25,20,45,60,0
1.802,25,20,45,60,1
1.796,25,20,45,60,2
1.788,25,20,45,60,3
1.78,25,20,45,60,4
1.749,25,20,45,60,8
1.707,25,20,45,60,12
1.682,25,20,45,60,16
1.673,25,20,45,60,20
1.669,25,20,45,60,24
0.721,30,0,45,10,0
0.715,30,0,45,10,1
0.71,30,0,45,10,2
0.706,30,0,45,10,3
0.702,30,0,45,10,4
0.688,30,0,45,10,8
0.679,30,0,45,10,12
0.674,30,0,45,10,16
0.671,30,0,45,10,20
0.668,30,0,45,10,24
0.721,30,0,45,30,0
0.703,30,0,45,30,1
0.68,30,0,45,30,2
0.663,30,0,45,30,3
0.651,30,0,45,30,4
0.62,30,0,45,30,8
0.596,30,0,45,30,12
0.572,30,0,45,30,16
0.544,30,0,45,30,20
0.52,30,0,45,30,24
0.721,30,0,45,60,0
0.67,30,0,45,60,1
0.625,30,0,45,60,2
0.592,30,0,45,60,3
0.566,30,0,45,60,4
0.502,30,0,45,60,8
0.442,30,0,45,60,12
0.403,30,0,45,60,16
0.39,30,0,45,60,20
0.384,30,0,45,60,24
1.146,30,5,45,10,0
1.141,30,5,45,10,1
1.138,30,5,45,10,2
1.136,30,5,45,10,3
1.134,30,5,45,10,4
1.127,30,5,45,10,8
1.12,30,5,45,10,12
1.113,30,5,45,10,16
1.107,30,5,45,10,20
1.1,30,5,45,10,24
1.146,30,5,45,30,0
1.136,30,5,45,30,1
1.129,30,5,45,30,2
1.124,30,5,45,30,3
1.117,30,5,45,30,4
1.092,30,5,45,30,8
1.064,30,5,45,30,12
1.042,30,5,45,30,16
1.024,30,5,45,30,20
1.012,30,5,45,30,24
1.146,30,5,45,60,0
1.128,30,5,45,60,1
1.114,30,5,45,60,2
1.098,30,5,45,60,3
1.082,30,5,45,60,4
1.018,30,5,45,60,8
0.972,30,5,45,60,12
0.945,30,5,45,60,16
0.933,30,5,45,60,20
0.929,30,5,45,60,24
1.448,30,10,45,10,0
1.443,30,10,45,10,1
1.44,30,10,45,10,2
1.438,30,10,45,10,3
1.436,30,10,45,10,4
1.429,30,10,45,10,8
1.421,30,10,45,10,12
1.414,30,10,45,10,16
1.408,30,10,45,10,20
1.401,30,10,45,10,24
1.448,30,10,45,30,0
1.438,30,10,45,30,1
1.431,30,10,45,30,2
1.425,30,10,45,30,3
1.418,30,10,45,30,4
1.393,30,10,45,30,8
1.364,30,10,45,30,12
1.341,30,10,45,30,16
1.324,30,10,45,30,20
1.312,30,10,45,30,24
1.448,30,10,45,60,0
1.43,30,10,45,60,1
1.415,30,10,45,60,2
1.399,30,10,45,60,3
1.384,30,10,45,60,4
1.318,30,10,45,60,8
1.272,30,10,45,60,12
1.243,30,10,45,60,16
1.232,30,10,45,60,20
1.228,30,10,45,60,24
1.742,30,15,45,10,0
1.739,30,15,45,10,1
1.737,30,15,45,10,2
1.735,30,15,45,10,3
1.734,30,15,45,10,4
1.729,30,15,45,10,8
1.723,30,15,45,10,12
1.716,30,15,45,10,16
1.709,30,15,45,10,20
1.703,30,15,45,10,24
1.742,30,15,45,30,0
1.735,30,15,45,30,1
1.731,30,15,45,30,2
1.726,30,15,45,30,3
1.721,30,15,45,30,4
1.695,30,15,45,30,8
1.665,30,15,45,30,12
1.642,30,15,45,30,16
1.625,30,15,45,30,20
1.613,30,15,45,30,24
1.742,30,15,45,60,0
1.73,30,15,45,60,1
1.718,30,15,45,60,2
1.701,30,15,45,60,3
1.686,30,15,45,60,4
1.619,30,15,45,60,8
1.573,30,15,45,60,12
1.544,30,15,45,60,16
1.533,30,15,45,60,20
1.529,30,15,45,60,24
2.003,30,20,45,10,0
2.002,30,20,45,10,1
2.002,30,20,45,10,2
2.001,30,20,45,10,3
2,30,20,45,10,4
1.996,30,20,45,10,8
1.99,30,20,45,10,12
1.985,30,20,45,10,16
1.981,30,20,45,10,20
1.977,30,20,45,10,24
2.003,30,20,45,30,0
2.001,30,20,45,30,1
1.998,30,20,45,30,2
1.994,30,20,45,30,3
1.989,30,20,45,30,4
1.97,30,20,45,30,8
1.952,30,20,45,30,12
1.932,30,20,45,30,16
1.911,30,20,45,30,20
1.898,30,20,45,30,24
2.003,30,20,45,60,0
1.997,30,20,45,60,1
1.987,30,20,45,60,2
1.976,30,20,45,60,3
1.964,30,20,45,60,4
1.919,30,20,45,60,8
1.866,30,20,45,60,12
1.837,30,20,45,60,16
1.826,30,20,45,60,20
1.822,30,20,45,60,24
0.371,15,0,60,10,0
0.369,15,0,60,10,1
0.363,15,0,60,10,2
0.359,15,0,60,10,3
0.356,15,0,60,10,4
0.337,15,0,60,10,8
0.297,15,0,60,10,12
0.266,15,0,60,10,16
0.259,15,0,60,10,20
0.252,15,0,60,10,24
0.371,15,0,60,30,0
0.359,15,0,60,30,1
0.348,15,0,60,30,2
0.312,15,0,60,30,3
0.29,15,0,60,30,4
0.233,15,0,60,30,8
0.218,15,0,60,30,12
0.214,15,0,60,30,16
0.211,15,0,60,30,20
0.205,15,0,60,30,24
0.371,15,0,60,60,0
0.346,15,0,60,60,1
0.239,15,0,60,60,2
0.213,15,0,60,60,3
0.201,15,0,60,60,4
0.167,15,0,60,60,8
0.131,15,0,60,60,12
0.106,15,0,60,60,16
0.112,15,0,60,60,20
0.104,15,0,60,60,24
0.659,15,5,60,10,0
0.657,15,5,60,10,1
0.656,15,5,60,10,2
0.655,15,5,60,10,3
0.654,15,5,60,10,4
0.652,15,5,60,10,8
0.649,15,5,60,10,12
0.59,15,5,60,10,16
0.588,15,5,60,10,20
0.586,15,5,60,10,24
0.659,15,5,60,30,0
0.655,15,5,60,30,1
0.652,15,5,60,30,2
0.65,15,5,60,30,3
0.648,15,5,60,30,4
0.583,15,5,60,30,8
0.573,15,5,60,30,12
0.563,15,5,60,30,16
0.556,15,5,60,30,20
0.551,15,5,60,30,24
0.659,15,5,60,60,0
0.652,15,5,60,60,1
0.647,15,5,60,60,2
0.589,15,5,60,60,3
0.582,15,5,60,60,4
0.559,15,5,60,60,8
0.541,15,5,60,60,12
0.527,15,5,60,60,16
0.52,15,5,60,60,20
0.517,15,5,60,60,24
0.905,15,10,60,10,0
0.903,15,10,60,10,1
0.903,15,10,60,10,2
0.902,15,10,60,10,3
0.902,15,10,60,10,4
0.899,15,10,60,10,8
0.863,15,10,60,10,12
0.861,15,10,60,10,16
0.859,15,10,60,10,20
0.857,15,10,60,10,24
0.905,15,10,60,30,0
0.902,15,10,60,30,1
0.9,15,10,60,30,2
0.889,15,10,60,30,3
0.891,15,10,60,30,4
0.855,15,10,60,30,8
0.847,15,10,60,30,12
0.84,15,10,60,30,16
0.832,15,10,60,30,20
0.825,15,10,60,30,24
0.905,15,10,60,60,0
0.9,15,10,60,60,1
0.896,15,10,60,60,2
0.857,15,10,60,60,3
0.854,15,10,60,60,4
0.837,15,10,60,60,8
0.818,15,10,60,60,12
0.799,15,10,60,60,16
0.791,15,10,60,60,20
0.788,15,10,60,60,24
1.17,15,15,60,10,0
1.168,15,15,60,10,1
1.103,15,15,60,10,2
1.167,15,15,60,10,3
1.166,15,15,60,10,4
1.164,15,15,60,10,8
1.161,15,15,60,10,12
1.16,15,15,60,10,16
1.158,15,15,60,10,20
1.156,15,15,60,10,24
1.17,15,15,60,30,0
1.167,15,15,60,30,1
1.165,15,15,60,30,2
1.163,15,15,60,30,3
1.161,15,15,60,30,4
1.154,15,15,60,30,8
1.147,15,15,60,30,12
1.14,15,15,60,30,16
1.133,15,15,60,30,20
1.062,15,15,60,30,24
1.17,15,15,60,60,0
1.165,15,15,60,60,1
1.16,15,15,60,60,2
1.156,15,15,60,60,3
1.153,15,15,60,60,4
1.138,15,15,60,60,8
1.118,15,15,60,60,12
1.095,15,15,60,60,16
1.086,15,15,60,60,20
1.081,15,15,60,60,24
1.377,15,20,60,10,0
1.376,15,20,60,10,1
1.375,15,20,60,10,2
1.374,15,20,60,10,3
1.374,15,20,60,10,4
1.372,15,20,60,10,8
1.323,15,20,60,10,12
1.367,15,20,60,10,16
1.365,15,20,60,10,20
1.364,15,20,60,10,24
1.377,15,20,60,30,0
1.374,15,20,60,30,1
1.372,15,20,60,30,2
1.371,15,20,60,30,3
1.369,15,20,60,30,4
1.361,15,20,60,30,8
1.354,15,20,60,30,12
1.348,15,20,60,30,16
1.34,15,20,60,30,20
1.331,15,20,60,30,24
1.377,15,20,60,60,0
1.372,15,20,60,60,1
1.368,15,20,60,60,2
1.364,15,20,60,60,3
1.361,15,20,60,60,4
1.345,15,20,60,60,8
1.326,15,20,60,60,12
1.303,15,20,60,60,16
1.294,15,20,60,60,20
1.29,15,20,60,60,24
0.502,20,0,60,10,0
0.495,20,0,60,10,1
0.487,20,0,60,10,2
0.482,20,0,60,10,3
0.477,20,0,60,10,4
0.452,20,0,60,10,8
0.4,20,0,60,10,12
0.36,20,0,60,10,16
0.348,20,0,60,10,20
0.34,20,0,60,10,24
0.502,20,0,60,30,0
0.481,20,0,60,30,1
0.467,20,0,60,30,2
0.447,20,0,60,30,3
0.389,20,0,60,30,4
0.315,20,0,60,30,8
0.295,20,0,60,30,12
0.289,20,0,60,30,16
0.285,20,0,60,30,20
0.277,20,0,60,30,24
0.502,20,0,60,60,0
0.465,20,0,60,60,1
0.364,20,0,60,60,2
0.286,20,0,60,60,3
0.27,20,0,60,60,4
0.225,20,0,60,60,8
0.175,20,0,60,60,12
0.112,20,0,60,60,16
0.121,20,0,60,60,20
0.112,20,0,60,60,24
0.814,20,5,60,10,0
0.784,20,5,60,10,1
0.74,20,5,60,10,2
0.74,20,5,60,10,3
0.732,20,5,60,10,4
0.73,20,5,60,10,8
0.723,20,5,60,10,12
0.718,20,5,60,10,16
0.716,20,5,60,10,20
0.712,20,5,60,10,24
0.814,20,5,60,30,0
0.739,20,5,60,30,1
0.73,20,5,60,30,2
0.728,20,5,60,30,3
0.725,20,5,60,30,4
0.709,20,5,60,30,8
0.688,20,5,60,30,12
0.679,20,5,60,30,16
0.67,20,5,60,30,20
0.664,20,5,60,30,24
0.814,20,5,60,60,0
0.729,20,5,60,60,1
0.723,20,5,60,60,2
0.711,20,5,60,60,3
0.705,20,5,60,60,4
0.667,20,5,60,60,8
0.65,20,5,60,60,12
0.632,20,5,60,60,16
0.624,20,5,60,60,20
0.62,20,5,60,60,24
1.035,20,10,60,10,0
1.032,20,10,60,10,1
1.031,20,10,60,10,2
1.03,20,10,60,10,3
1.029,20,10,60,10,4
1.023,20,10,60,10,8
1.02,20,10,60,10,12
1.016,20,10,60,10,16
1.013,20,10,60,10,20
1.01,20,10,60,10,24
1.035,20,10,60,30,0
1.029,20,10,60,30,1
1.027,20,10,60,30,2
1.021,20,10,60,30,3
0.959,20,10,60,30,4
1.007,20,10,60,30,8
0.996,20,10,60,30,12
0.986,20,10,60,30,16
0.976,20,10,60,30,20
0.966,20,10,60,30,24
1.035,20,10,60,60,0
1.026,20,10,60,60,1
1.016,20,10,60,60,2
1.01,20,10,60,60,3
1.004,20,10,60,60,4
0.981,20,10,60,60,8
0.955,20,10,60,60,12
0.932,20,10,60,60,16
0.922,20,10,60,60,20
0.917,20,10,60,60,24
1.284,20,15,60,10,0
1.284,20,15,60,10,1
1.283,20,15,60,10,2
1.281,20,15,60,10,3
1.281,20,15,60,10,4
1.278,20,15,60,10,8
1.276,20,15,60,10,12
1.273,20,15,60,10,16
1.259,20,15,60,10,20
1.223,20,15,60,10,24
1.284,20,15,60,30,0
1.281,20,15,60,30,1
1.28,20,15,60,30,2
1.277,20,15,60,30,3
1.275,20,15,60,30,4
1.266,20,15,60,30,8
1.209,20,15,60,30,12
1.2,20,15,60,30,16
1.19,20,15,60,30,20
1.179,20,15,60,30,24
1.284,20,15,60,60,0
1.279,20,15,60,60,1
1.274,20,15,60,60,2
1.269,20,15,60,60,3
1.265,20,15,60,60,4
1.195,20,15,60,60,8
1.169,20,15,60,60,12
1.19,20,15,60,60,16
1.177,20,15,60,60,20
1.172,20,15,60,60,24
1.572,20,20,60,10,0
1.571,20,20,60,10,1
1.57,20,20,60,10,2
1.521,20,20,60,10,3
1.568,20,20,60,10,4
1.565,20,20,60,10,8
1.562,20,20,60,10,12
1.559,20,20,60,10,16
1.556,20,20,60,10,20
1.554,20,20,60,10,24
1.572,20,20,60,30,0
1.568,20,20,60,30,1
1.566,20,20,60,30,2
1.564,20,20,60,30,3
1.561,20,20,60,30,4
1.551,20,20,60,30,8
1.542,20,20,60,30,12
1.533,20,20,60,30,16
1.523,20,20,60,30,20
1.511,20,20,60,30,24
1.572,20,20,60,60,0
1.565,20,20,60,60,1
1.56,20,20,60,60,2
1.555,20,20,60,60,3
1.55,20,20,60,60,4
1.529,20,20,60,60,8
1.503,20,20,60,60,12
1.422,20,20,60,60,16
1.459,20,20,60,60,20
1.453,20,20,60,60,24
0.642,25,0,60,10,0
0.629,25,0,60,10,1
0.62,25,0,60,10,2
0.613,25,0,60,10,3
0.608,25,0,60,10,4
0.576,25,0,60,10,8
0.51,25,0,60,10,12
0.459,25,0,60,10,16
0.444,25,0,60,10,20
0.433,25,0,60,10,24
0.642,25,0,60,30,0
0.612,25,0,60,30,1
0.595,25,0,60,30,2
0.569,25,0,60,30,3
0.495,25,0,60,30,4
0.402,25,0,60,30,8
0.377,25,0,60,30,12
0.37,25,0,60,30,16
0.364,25,0,60,30,20
0.354,25,0,60,30,24
0.642,25,0,60,60,0
0.592,25,0,60,60,1
0.472,25,0,60,60,2
0.392,25,0,60,60,3
0.344,25,0,60,60,4
0.287,25,0,60,60,8
0.296,25,0,60,60,12
0.142,25,0,60,60,16
0.119,25,0,60,60,20
0.112,25,0,60,60,24
0.883,25,5,60,10,0
0.881,25,5,60,10,1
0.88,25,5,60,10,2
0.879,25,5,60,10,3
0.877,25,5,60,10,4
0.865,25,5,60,10,8
0.859,25,5,60,10,12
0.854,25,5,60,10,16
0.832,25,5,60,10,20
0.82,25,5,60,10,24
0.883,25,5,60,30,0
0.878,25,5,60,30,1
0.875,25,5,60,30,2
0.862,25,5,60,30,3
0.857,25,5,60,30,4
0.815,25,5,60,30,8
0.759,25,5,60,30,12
0.744,25,5,60,30,16
0.737,25,5,60,30,20
0.731,25,5,60,30,24
0.883,25,5,60,60,0
0.873,25,5,60,60,1
0.854,25,5,60,60,2
0.844,25,5,60,60,3
0.819,25,5,60,60,4
0.73,25,5,60,60,8
0.709,25,5,60,60,12
0.722,25,5,60,60,16
0.724,25,5,60,60,20
0.727,25,5,60,60,24
1.2,25,10,60,10,0
1.198,25,10,60,10,1
1.195,25,10,60,10,2
1.193,25,10,60,10,3
1.192,25,10,60,10,4
1.188,25,10,60,10,8
1.183,25,10,60,10,12
1.179,25,10,60,10,16
1.099,25,10,60,10,20
1.074,25,10,60,10,24
1.2,25,10,60,30,0
1.193,25,10,60,30,1
1.189,25,10,60,30,2
1.186,25,10,60,30,3
1.182,25,10,60,30,4
1.09,25,10,60,30,8
1.055,25,10,60,30,12
1.04,25,10,60,30,16
1.028,25,10,60,30,20
1.017,25,10,60,30,24
1.2,25,10,60,60,0
1.188,25,10,60,60,1
1.179,25,10,60,60,2
1.171,25,10,60,60,3
1.164,25,10,60,60,4
1.033,25,10,60,60,8
1.001,25,10,60,60,12
0.974,25,10,60,60,16
0.961,25,10,60,60,20
0.955,25,10,60,60,24
1.475,25,15,60,10,0
1.413,25,15,60,10,1
1.411,25,15,60,10,2
1.409,25,15,60,10,3
1.408,25,15,60,10,4
1.405,25,15,60,10,8
1.401,25,15,60,10,12
1.395,25,15,60,10,16
1.391,25,15,60,10,20
1.389,25,15,60,10,24
1.475,25,15,60,30,0
1.409,25,15,60,30,1
1.406,25,15,60,30,2
1.403,25,15,60,30,3
1.4,25,15,60,30,4
1.383,25,15,60,30,8
1.37,25,15,60,30,12
1.357,25,15,60,30,16
1.344,25,15,60,30,20
1.332,25,15,60,30,24
1.475,25,15,60,60,0
1.405,25,15,60,60,1
1.397,25,15,60,60,2
1.389,25,15,60,60,3
1.381,25,15,60,60,4
1.35,25,15,60,60,8
1.318,25,15,60,60,12
1.289,25,15,60,60,16
1.276,25,15,60,60,20
1.27,25,15,60,60,24
1.674,25,20,60,10,0
1.675,25,20,60,10,1
1.674,25,20,60,10,2
1.673,25,20,60,10,3
1.672,25,20,60,10,4
1.67,25,20,60,10,8
1.666,25,20,60,10,12
1.663,25,20,60,10,16
1.661,25,20,60,10,20
1.658,25,20,60,10,24
1.674,25,20,60,30,0
1.673,25,20,60,30,1
1.67,25,20,60,30,2
1.668,25,20,60,30,3
1.665,25,20,60,30,4
1.654,25,20,60,30,8
1.642,25,20,60,30,12
1.57,25,20,60,30,16
1.556,25,20,60,30,20
1.543,25,20,60,30,24
1.674,25,20,60,60,0
1.67,25,20,60,60,1
1.664,25,20,60,60,2
1.657,25,20,60,60,3
1.652,25,20,60,60,4
1.563,25,20,60,60,8
1.593,25,20,60,60,12
1.556,25,20,60,60,16
1.54,25,20,60,60,20
1.533,25,20,60,60,24
0.788,30,0,60,10,0
0.771,30,0,60,10,1
0.76,30,0,60,10,2
0.752,30,0,60,10,3
0.745,30,0,60,10,4
0.705,30,0,60,10,8
0.627,30,0,60,10,12
0.565,30,0,60,10,16
0.546,30,0,60,10,20
0.533,30,0,60,10,24
0.788,30,0,60,30,0
0.75,30,0,60,30,1
0.73,30,0,60,30,2
0.698,30,0,60,30,3
0.636,30,0,60,30,4
0.496,30,0,60,30,8
0.465,30,0,60,30,12
0.456,30,0,60,30,16
0.449,30,0,60,30,20
0.437,30,0,60,30,24
0.788,30,0,60,60,0
0.726,30,0,60,60,1
0.579,30,0,60,60,2
0.483,30,0,60,60,3
0.455,30,0,60,60,4
0.405,30,0,60,60,8
0.465,30,0,60,60,12
0.174,30,0,60,60,16
0.143,30,0,60,60,20
0.131,30,0,60,60,24
1.041,30,5,60,10,0
1.037,30,5,60,10,1
1.036,30,5,60,10,2
1.018,30,5,60,10,3
1.017,30,5,60,10,4
1.012,30,5,60,10,8
1.005,30,5,60,10,12
0.971,30,5,60,10,16
0.944,30,5,60,10,20
0.906,30,5,60,10,24
1.041,30,5,60,30,0
1.017,30,5,60,30,1
1.012,30,5,60,30,2
1.008,30,5,60,30,3
1.003,30,5,60,30,4
0.925,30,5,60,30,8
0.865,30,5,60,30,12
0.847,30,5,60,30,16
0.839,30,5,60,30,20
0.833,30,5,60,30,24
1.041,30,5,60,60,0
1.01,30,5,60,60,1
0.999,30,5,60,60,2
0.987,30,5,60,60,3
0.918,30,5,60,60,4
0.831,30,5,60,60,8
0.805,30,5,60,60,12
0.779,30,5,60,60,16
0.766,30,5,60,60,20
0.759,30,5,60,60,24
1.381,30,10,60,10,0
1.377,30,10,60,10,1
1.375,30,10,60,10,2
1.373,30,10,60,10,3
1.371,30,10,60,10,4
1.366,30,10,60,10,8
1.24,30,10,60,10,12
1.234,30,10,60,10,16
1.229,30,10,60,10,20
1.224,30,10,60,10,24
1.381,30,10,60,30,0
1.372,30,10,60,30,1
1.367,30,10,60,30,2
1.363,30,10,60,30,3
1.236,30,10,60,30,4
1.219,30,10,60,30,8
1.195,30,10,60,30,12
1.175,30,10,60,30,16
1.16,30,10,60,30,20
1.149,30,10,60,30,24
1.381,30,10,60,60,0
1.366,30,10,60,60,1
1.24,30,10,60,60,2
1.223,30,10,60,60,3
1.213,30,10,60,60,4
1.165,30,10,60,60,8
1.128,30,10,60,60,12
1.099,30,10,60,60,16
1.086,30,10,60,60,20
1.08,30,10,60,60,24
1.602,30,15,60,10,0
1.598,30,15,60,10,1
1.597,30,15,60,10,2
1.595,30,15,60,10,3
1.588,30,15,60,10,4
1.583,30,15,60,10,8
1.577,30,15,60,10,12
1.571,30,15,60,10,16
1.567,30,15,60,10,20
1.563,30,15,60,10,24
1.602,30,15,60,30,0
1.594,30,15,60,30,1
1.583,30,15,60,30,2
1.58,30,15,60,30,3
1.575,30,15,60,30,4
1.557,30,15,60,30,8
1.54,30,15,60,30,12
1.511,30,15,60,30,16
1.496,30,15,60,30,20
1.488,30,15,60,30,24
1.602,30,15,60,60,0
1.582,30,15,60,60,1
1.572,30,15,60,60,2
1.562,30,15,60,60,3
1.553,30,15,60,60,4
1.517,30,15,60,60,8
1.477,30,15,60,60,12
1.441,30,15,60,60,16
1.425,30,15,60,60,20
1.417,30,15,60,60,24
1.883,30,20,60,10,0
1.88,30,20,60,10,1
1.879,30,20,60,10,2
1.877,30,20,60,10,3
1.802,30,20,60,10,4
1.797,30,20,60,10,8
1.793,30,20,60,10,12
1.788,30,20,60,10,16
1.783,30,20,60,10,20
1.78,30,20,60,10,24
1.883,30,20,60,30,0
1.877,30,20,60,30,1
1.798,30,20,60,30,2
1.795,30,20,60,30,3
1.79,30,20,60,30,4
1.773,30,20,60,30,8
1.757,30,20,60,30,12
1.742,30,20,60,30,16
1.726,30,20,60,30,20
1.71,30,20,60,30,24
1.883,30,20,60,60,0
1.797,30,20,60,60,1
1.788,30,20,60,60,2
1.778,30,20,60,60,3
1.77,30,20,60,60,4
1.733,30,20,60,60,8
1.693,30,20,60,60,12
1.656,30,20,60,60,16
1.639,30,20,60,60,20
1.632,30,20,60,60,24
0.297,15,0,75,10,0
0.291,15,0,75,10,1
0.293,15,0,75,10,2
0.29,15,0,75,10,3
0.288,15,0,75,10,4
0.273,15,0,75,10,8
0.259,15,0,75,10,12
0.231,15,0,75,10,16
0.214,15,0,75,10,20
0.204,15,0,75,10,24
0.297,15,0,75,30,0
0.298,15,0,75,30,1
0.283,15,0,75,30,2
0.271,15,0,75,30,3
0.262,15,0,75,30,4
0.187,15,0,75,30,8
0.175,15,0,75,30,12
0.176,15,0,75,30,16
0.178,15,0,75,30,20
0.178,15,0,75,30,24
0.297,15,0,75,60,0
0.282,15,0,75,60,1
0.261,15,0,75,60,2
0.198,15,0,75,60,3
0.162,15,0,75,60,4
0.138,15,0,75,60,8
0.136,15,0,75,60,12
0.125,15,0,75,60,16
0.123,15,0,75,60,20
0.122,15,0,75,60,24
0.56,15,5,75,10,0
0.557,15,5,75,10,1
0.555,15,5,75,10,2
0.553,15,5,75,10,3
0.551,15,5,75,10,4
0.547,15,5,75,10,8
0.542,15,5,75,10,12
0.536,15,5,75,10,16
0.532,15,5,75,10,20
0.528,15,5,75,10,24
0.56,15,5,75,30,0
0.552,15,5,75,30,1
0.549,15,5,75,30,2
0.546,15,5,75,30,3
0.543,15,5,75,30,4
0.528,15,5,75,30,8
0.515,15,5,75,30,12
0.501,15,5,75,30,16
0.493,15,5,75,30,20
0.491,15,5,75,30,24
0.56,15,5,75,60,0
0.549,15,5,75,60,1
0.542,15,5,75,60,2
0.517,15,5,75,60,3
0.527,15,5,75,60,4
0.5,15,5,75,60,8
0.485,15,5,75,60,12
0.48,15,5,75,60,16
0.478,15,5,75,60,20
0.476,15,5,75,60,24
0.786,15,10,75,10,0
0.739,15,10,75,10,1
0.737,15,10,75,10,2
0.736,15,10,75,10,3
0.734,15,10,75,10,4
0.774,15,10,75,10,8
0.728,15,10,75,10,12
0.762,15,10,75,10,16
0.758,15,10,75,10,20
0.754,15,10,75,10,24
0.786,15,10,75,30,0
0.736,15,10,75,30,1
0.788,15,10,75,30,2
0.731,15,10,75,30,3
0.728,15,10,75,30,4
0.754,15,10,75,30,8
0.74,15,10,75,30,12
0.727,15,10,75,30,16
0.69,15,10,75,30,20
0.717,15,10,75,30,24
0.786,15,10,75,60,0
0.732,15,10,75,60,1
0.728,15,10,75,60,2
0.759,15,10,75,60,3
0.753,15,10,75,60,4
0.726,15,10,75,60,8
0.711,15,10,75,60,12
0.672,15,10,75,60,16
0.668,15,10,75,60,20
0.702,15,10,75,60,24
0.993,15,15,75,10,0
0.991,15,15,75,10,1
0.99,15,15,75,10,2
0.989,15,15,75,10,3
0.988,15,15,75,10,4
0.985,15,15,75,10,8
0.982,15,15,75,10,12
0.978,15,15,75,10,16
0.976,15,15,75,10,20
0.973,15,15,75,10,24
0.993,15,15,75,30,0
0.989,15,15,75,30,1
0.939,15,15,75,30,2
0.984,15,15,75,30,3
0.982,15,15,75,30,4
0.973,15,15,75,30,8
0.965,15,15,75,30,12
0.957,15,15,75,30,16
0.95,15,15,75,30,20
0.945,15,15,75,30,24
0.993,15,15,75,60,0
0.938,15,15,75,60,1
0.982,15,15,75,60,2
0.976,15,15,75,60,3
0.971,15,15,75,60,4
0.955,15,15,75,60,8
0.94,15,15,75,60,12
0.929,15,15,75,60,16
0.925,15,15,75,60,20
0.923,15,15,75,60,24
1.189,15,20,75,10,0
1.187,15,20,75,10,1
1.186,15,20,75,10,2
1.187,15,20,75,10,3
1.184,15,20,75,10,4
1.181,15,20,75,10,8
1.178,15,20,75,10,12
1.175,15,20,75,10,16
1.174,15,20,75,10,20
1.171,15,20,75,10,24
1.189,15,20,75,30,0
1.187,15,20,75,30,1
1.182,15,20,75,30,2
1.181,15,20,75,30,3
1.178,15,20,75,30,4
1.172,15,20,75,30,8
1.162,15,20,75,30,12
1.155,15,20,75,30,16
1.148,15,20,75,30,20
1.143,15,20,75,30,24
1.189,15,20,75,60,0
1.182,15,20,75,60,1
1.178,15,20,75,60,2
1.173,15,20,75,60,3
1.168,15,20,75,60,4
1.153,15,20,75,60,8
1.138,15,20,75,60,12
1.127,15,20,75,60,16
1.123,15,20,75,60,20
1.121,15,20,75,60,24
0.399,20,0,75,10,0
0.434,20,0,75,10,1
0.394,20,0,75,10,2
0.389,20,0,75,10,3
0.387,20,0,75,10,4
0.374,20,0,75,10,8
0.353,20,0,75,10,12
0.324,20,0,75,10,16
0.286,20,0,75,10,20
0.273,20,0,75,10,24
0.399,20,0,75,30,0
0.389,20,0,75,30,1
0.38,20,0,75,30,2
0.364,20,0,75,30,3
0.351,20,0,75,30,4
0.25,20,0,75,30,8
0.234,20,0,75,30,12
0.236,20,0,75,30,16
0.238,20,0,75,30,20
0.239,20,0,75,30,24
0.399,20,0,75,60,0
0.379,20,0,75,60,1
0.35,20,0,75,60,2
0.266,20,0,75,60,3
0.218,20,0,75,60,4
0.185,20,0,75,60,8
0.192,20,0,75,60,12
0.214,20,0,75,60,16
0.214,20,0,75,60,20
0.214,20,0,75,60,24
0.676,20,5,75,10,0
0.671,20,5,75,10,1
0.669,20,5,75,10,2
0.667,20,5,75,10,3
0.665,20,5,75,10,4
0.66,20,5,75,10,8
0.653,20,5,75,10,12
0.645,20,5,75,10,16
0.639,20,5,75,10,20
0.634,20,5,75,10,24
0.676,20,5,75,30,0
0.666,20,5,75,30,1
0.662,20,5,75,30,2
0.659,20,5,75,30,3
0.654,20,5,75,30,4
0.634,20,5,75,30,8
0.617,20,5,75,30,12
0.599,20,5,75,30,16
0.589,20,5,75,30,20
0.586,20,5,75,30,24
0.676,20,5,75,60,0
0.662,20,5,75,60,1
0.653,20,5,75,60,2
0.641,20,5,75,60,3
0.633,20,5,75,60,4
0.597,20,5,75,60,8
0.578,20,5,75,60,12
0.571,20,5,75,60,16
0.568,20,5,75,60,20
0.566,20,5,75,60,24
0.903,20,10,75,10,0
0.898,20,10,75,10,1
0.895,20,10,75,10,2
0.893,20,10,75,10,3
0.889,20,10,75,10,4
0.888,20,10,75,10,8
0.879,20,10,75,10,12
0.871,20,10,75,10,16
0.865,20,10,75,10,20
0.86,20,10,75,10,24
0.903,20,10,75,30,0
0.893,20,10,75,30,1
0.888,20,10,75,30,2
0.844,20,10,75,30,3
0.88,20,10,75,30,4
0.86,20,10,75,30,8
0.843,20,10,75,30,12
0.825,20,10,75,30,16
0.791,20,10,75,30,20
0.811,20,10,75,30,24
0.903,20,10,75,60,0
0.888,20,10,75,60,1
0.879,20,10,75,60,2
0.867,20,10,75,60,3
0.858,20,10,75,60,4
0.823,20,10,75,60,8
0.803,20,10,75,60,12
0.796,20,10,75,60,16
0.793,20,10,75,60,20
0.791,20,10,75,60,24
1.133,20,15,75,10,0
1.131,20,15,75,10,1
1.129,20,15,75,10,2
1.128,20,15,75,10,3
1.054,20,15,75,10,4
1.123,20,15,75,10,8
1.118,20,15,75,10,12
1.114,20,15,75,10,16
1.11,20,15,75,10,20
1.107,20,15,75,10,24
1.133,20,15,75,30,0
1.127,20,15,75,30,1
1.052,20,15,75,30,2
1.122,20,15,75,30,3
1.119,20,15,75,30,4
1.107,20,15,75,30,8
1.097,20,15,75,30,12
1.086,20,15,75,30,16
1.077,20,15,75,30,20
1.07,20,15,75,30,24
1.133,20,15,75,60,0
1.124,20,15,75,60,1
1.118,20,15,75,60,2
1.111,20,15,75,60,3
1.105,20,15,75,60,4
1.083,20,15,75,60,8
1.029,20,15,75,60,12
1.022,20,15,75,60,16
1.043,20,15,75,60,20
1.018,20,15,75,60,24
1.332,20,20,75,10,0
1.329,20,20,75,10,1
1.327,20,20,75,10,2
1.325,20,20,75,10,3
1.324,20,20,75,10,4
1.321,20,20,75,10,8
1.316,20,20,75,10,12
1.312,20,20,75,10,16
1.308,20,20,75,10,20
1.306,20,20,75,10,24
1.332,20,20,75,30,0
1.325,20,20,75,30,1
1.322,20,20,75,30,2
1.32,20,20,75,30,3
1.317,20,20,75,30,4
1.305,20,20,75,30,8
1.295,20,20,75,30,12
1.284,20,20,75,30,16
1.274,20,20,75,30,20
1.267,20,20,75,30,24
1.332,20,20,75,60,0
1.322,20,20,75,60,1
1.316,20,20,75,60,2
1.308,20,20,75,60,3
1.303,20,20,75,60,4
1.281,20,20,75,60,8
1.261,20,20,75,60,12
1.246,20,20,75,60,16
1.241,20,20,75,60,20
1.238,20,20,75,60,24
0.508,25,0,75,10,0
0.498,25,0,75,10,1
0.54,25,0,75,10,2
0.496,25,0,75,10,3
0.503,25,0,75,10,4
0.477,25,0,75,10,8
0.449,25,0,75,10,12
0.413,25,0,75,10,16
0.364,25,0,75,10,20
0.348,25,0,75,10,24
0.508,25,0,75,30,0
0.495,25,0,75,30,1
0.483,25,0,75,30,2
0.473,25,0,75,30,3
0.455,25,0,75,30,4
0.318,25,0,75,30,8
0.298,25,0,75,30,12
0.3,25,0,75,30,16
0.302,25,0,75,30,20
0.303,25,0,75,30,24
0.508,25,0,75,60,0
0.482,25,0,75,60,1
0.453,25,0,75,60,2
0.337,25,0,75,60,3
0.276,25,0,75,60,4
0.248,25,0,75,60,8
0.272,25,0,75,60,12
0.272,25,0,75,60,16
0.272,25,0,75,60,20
0.272,25,0,75,60,24
0.8,25,5,75,10,0
0.795,25,5,75,10,1
0.791,25,5,75,10,2
0.788,25,5,75,10,3
0.787,25,5,75,10,4
0.78,25,5,75,10,8
0.771,25,5,75,10,12
0.762,25,5,75,10,16
0.755,25,5,75,10,20
0.748,25,5,75,10,24
0.8,25,5,75,30,0
0.788,25,5,75,30,1
0.783,25,5,75,30,2
0.778,25,5,75,30,3
0.772,25,5,75,30,4
0.731,25,5,75,30,8
0.694,25,5,75,30,12
0.688,25,5,75,30,16
0.688,25,5,75,30,20
0.688,25,5,75,30,24
0.8,25,5,75,60,0
0.782,25,5,75,60,1
0.771,25,5,75,60,2
0.757,25,5,75,60,3
0.746,25,5,75,60,4
0.654,25,5,75,60,8
0.677,25,5,75,60,12
0.666,25,5,75,60,16
0.664,25,5,75,60,20
0.662,25,5,75,60,24
1.026,25,10,75,10,0
1.021,25,10,75,10,1
1.017,25,10,75,10,2
1.014,25,10,75,10,3
1.012,25,10,75,10,4
1.006,25,10,75,10,8
0.997,25,10,75,10,12
0.987,25,10,75,10,16
0.98,25,10,75,10,20
0.973,25,10,75,10,24
1.026,25,10,75,30,0
1.014,25,10,75,30,1
1.009,25,10,75,30,2
1.004,25,10,75,30,3
0.998,25,10,75,30,4
0.973,25,10,75,30,8
0.951,25,10,75,30,12
0.928,25,10,75,30,16
0.915,25,10,75,30,20
0.912,25,10,75,30,24
1.026,25,10,75,60,0
1.008,25,10,75,60,1
0.997,25,10,75,60,2
0.983,25,10,75,60,3
0.971,25,10,75,60,4
0.926,25,10,75,60,8
0.901,25,10,75,60,12
0.893,25,10,75,60,16
0.889,25,10,75,60,20
0.887,25,10,75,60,24
1.253,25,15,75,10,0
1.248,25,15,75,10,1
1.244,25,15,75,10,2
1.241,25,15,75,10,3
1.239,25,15,75,10,4
1.17,25,15,75,10,8
1.223,25,15,75,10,12
1.213,25,15,75,10,16
1.206,25,15,75,10,20
1.199,25,15,75,10,24
1.253,25,15,75,30,0
1.241,25,15,75,30,1
1.235,25,15,75,30,2
1.169,25,15,75,30,3
1.224,25,15,75,30,4
1.25,25,15,75,30,8
1.177,25,15,75,30,12
1.154,25,15,75,30,16
1.14,25,15,75,30,20
1.137,25,15,75,30,24
1.253,25,15,75,60,0
1.234,25,15,75,60,1
1.223,25,15,75,60,2
1.209,25,15,75,60,3
1.197,25,15,75,60,4
1.152,25,15,75,60,8
1.126,25,15,75,60,12
1.118,25,15,75,60,16
1.115,25,15,75,60,20
1.112,25,15,75,60,24
1.482,25,20,75,10,0
1.478,25,20,75,10,1
1.475,25,20,75,10,2
1.474,25,20,75,10,3
1.472,25,20,75,10,4
1.467,25,20,75,10,8
1.462,25,20,75,10,12
1.456,25,20,75,10,16
1.452,25,20,75,10,20
1.448,25,20,75,10,24
1.482,25,20,75,30,0
1.473,25,20,75,30,1
1.469,25,20,75,30,2
1.466,25,20,75,30,3
1.463,25,20,75,30,4
1.448,25,20,75,30,8
1.435,25,20,75,30,12
1.421,25,20,75,30,16
1.409,25,20,75,30,20
1.401,25,20,75,30,24
1.482,25,20,75,60,0
1.469,25,20,75,60,1
1.462,25,20,75,60,2
1.452,25,20,75,60,3
1.445,25,20,75,60,4
1.418,25,20,75,60,8
1.392,25,20,75,60,12
1.374,25,20,75,60,16
1.367,25,20,75,60,20
1.364,25,20,75,60,24
0.622,30,0,75,10,0
0.61,30,0,75,10,1
0.677,30,0,75,10,2
0.65,30,0,75,10,3
0.603,30,0,75,10,4
0.585,30,0,75,10,8
0.551,30,0,75,10,12
0.506,30,0,75,10,16
0.447,30,0,75,10,20
0.426,30,0,75,10,24
0.622,30,0,75,30,0
0.649,30,0,75,30,1
0.593,30,0,75,30,2
0.58,30,0,75,30,3
0.558,30,0,75,30,4
0.389,30,0,75,30,8
0.365,30,0,75,30,12
0.368,30,0,75,30,16
0.372,30,0,75,30,20
0.372,30,0,75,30,24
0.622,30,0,75,60,0
0.591,30,0,75,60,1
0.554,30,0,75,60,2
0.413,30,0,75,60,3
0.337,30,0,75,60,4
0.323,30,0,75,60,8
0.396,30,0,75,60,12
0.333,30,0,75,60,16
0.398,30,0,75,60,20
0.396,30,0,75,60,24
0.933,30,5,75,10,0
0.927,30,5,75,10,1
0.922,30,5,75,10,2
0.919,30,5,75,10,3
0.916,30,5,75,10,4
0.909,30,5,75,10,8
0.898,30,5,75,10,12
0.887,30,5,75,10,16
0.819,30,5,75,10,20
0.817,30,5,75,10,24
0.933,30,5,75,30,0
0.919,30,5,75,30,1
0.912,30,5,75,30,2
0.907,30,5,75,30,3
0.9,30,5,75,30,4
0.797,30,5,75,30,8
0.773,30,5,75,30,12
0.765,30,5,75,30,16
0.765,30,5,75,30,20
0.765,30,5,75,30,24
0.933,30,5,75,60,0
0.911,30,5,75,60,1
0.898,30,5,75,60,2
0.881,30,5,75,60,3
0.814,30,5,75,60,4
0.747,30,5,75,60,8
0.746,30,5,75,60,12
0.74,30,5,75,60,16
0.735,30,5,75,60,20
0.731,30,5,75,60,24
1.159,30,10,75,10,0
1.152,30,10,75,10,1
1.148,30,10,75,10,2
1.145,30,10,75,10,3
1.142,30,10,75,10,4
1.134,30,10,75,10,8
1.123,30,10,75,10,12
1.112,30,10,75,10,16
1.103,30,10,75,10,20
1.095,30,10,75,10,24
1.159,30,10,75,30,0
1.144,30,10,75,30,1
1.138,30,10,75,30,2
1.132,30,10,75,30,3
1.125,30,10,75,30,4
1.095,30,10,75,30,8
1.068,30,10,75,30,12
1.041,30,10,75,30,16
1.025,30,10,75,30,20
1.021,30,10,75,30,24
1.159,30,10,75,60,0
1.137,30,10,75,60,1
1.123,30,10,75,60,2
1.106,30,10,75,60,3
1.092,30,10,75,60,4
1.038,30,10,75,60,8
1.008,30,10,75,60,12
0.997,30,10,75,60,16
0.993,30,10,75,60,20
0.99,30,10,75,60,24
1.386,30,15,75,10,0
1.378,30,15,75,10,1
1.374,30,15,75,10,2
1.371,30,15,75,10,3
1.368,30,15,75,10,4
1.36,30,15,75,10,8
1.349,30,15,75,10,12
1.337,30,15,75,10,16
1.329,30,15,75,10,20
1.32,30,15,75,10,24
1.386,30,15,75,30,0
1.37,30,15,75,30,1
1.363,30,15,75,30,2
1.358,30,15,75,30,3
1.35,30,15,75,30,4
1.321,30,15,75,30,8
1.254,30,15,75,30,12
1.266,30,15,75,30,16
1.25,30,15,75,30,20
1.246,30,15,75,30,24
1.386,30,15,75,60,0
1.363,30,15,75,60,1
1.349,30,15,75,60,2
1.332,30,15,75,60,3
1.318,30,15,75,60,4
1.263,30,15,75,60,8
1.233,30,15,75,60,12
1.233,30,15,75,60,16
1.218,30,15,75,60,20
1.215,30,15,75,60,24
1.643,30,20,75,10,0
1.639,30,20,75,10,1
1.636,30,20,75,10,2
1.634,30,20,75,10,3
1.511,30,20,75,10,4
1.505,30,20,75,10,8
1.576,30,20,75,10,12
1.564,30,20,75,10,16
1.555,30,20,75,10,20
1.547,30,20,75,10,24
1.643,30,20,75,30,0
1.633,30,20,75,30,1
1.629,30,20,75,30,2
1.503,30,20,75,30,3
1.577,30,20,75,30,4
1.547,30,20,75,30,8
1.586,30,20,75,30,12
1.492,30,20,75,30,16
1.476,30,20,75,30,20
1.472,30,20,75,30,24
1.643,30,20,75,60,0
1.507,30,20,75,60,1
1.576,30,20,75,60,2
1.558,30,20,75,60,3
1.544,30,20,75,60,4
1.489,30,20,75,60,8
1.459,30,20,75,60,12
1.383,30,20,75,60,16
1.444,30,20,75,60,20
1.441,30,20,75,60,24
0.214,15,0,90,10,0
0.214,15,0,90,10,1
0.214,15,0,90,10,2
0.214,15,0,90,10,3
0.214,15,0,90,10,4
0.214,15,0,90,10,8
0.211,15,0,90,10,12
0.203,15,0,90,10,16
0.199,15,0,90,10,20
0.195,15,0,90,10,24
0.214,15,0,90,30,0
0.214,15,0,90,30,1
0.214,15,0,90,30,2
0.214,15,0,90,30,3
0.213,15,0,90,30,4
0.196,15,0,90,30,8
0.184,15,0,90,30,12
0.174,15,0,90,30,16
0.164,15,0,90,30,20
0.175,15,0,90,30,24
0.214,15,0,90,60,0
0.214,15,0,90,60,1
0.213,15,0,90,60,2
0.203,15,0,90,60,3
0.197,15,0,90,60,4
0.175,15,0,90,60,8
0.165,15,0,90,60,12
0.167,15,0,90,60,16
0.167,15,0,90,60,20
0.167,15,0,90,60,24
0.469,15,5,90,10,0
0.466,15,5,90,10,1
0.464,15,5,90,10,2
0.462,15,5,90,10,3
0.461,15,5,90,10,4
0.459,15,5,90,10,8
0.454,15,5,90,10,12
0.45,15,5,90,10,16
0.447,15,5,90,10,20
0.445,15,5,90,10,24
0.469,15,5,90,30,0
0.462,15,5,90,30,1
0.46,15,5,90,30,2
0.458,15,5,90,30,3
0.456,15,5,90,30,4
0.446,15,5,90,30,8
0.439,15,5,90,30,12
0.431,15,5,90,30,16
0.425,15,5,90,30,20
0.419,15,5,90,30,24
0.469,15,5,90,60,0
0.46,15,5,90,60,1
0.456,15,5,90,60,2
0.45,15,5,90,60,3
0.446,15,5,90,60,4
0.432,15,5,90,60,8
0.42,15,5,90,60,12
0.409,15,5,90,60,16
0.405,15,5,90,60,20
0.405,15,5,90,60,24
0.671,15,10,90,10,0
0.668,15,10,90,10,1
0.666,15,10,90,10,2
0.643,15,10,90,10,3
0.643,15,10,90,10,4
0.659,15,10,90,10,8
0.635,15,10,90,10,12
0.631,15,10,90,10,16
0.644,15,10,90,10,20
0.625,15,10,90,10,24
0.671,15,10,90,30,0
0.643,15,10,90,30,1
0.661,15,10,90,30,2
0.658,15,10,90,30,3
0.634,15,10,90,30,4
0.643,15,10,90,30,8
0.619,15,10,90,30,12
0.611,15,10,90,30,16
0.605,15,10,90,30,20
0.599,15,10,90,30,24
0.671,15,10,90,60,0
0.66,15,10,90,60,1
0.634,15,10,90,60,2
0.63,15,10,90,60,3
0.626,15,10,90,60,4
0.626,15,10,90,60,8
0.599,15,10,90,60,12
0.59,15,10,90,60,16
0.586,15,10,90,60,20
0.585,15,10,90,60,24
0.857,15,15,90,10,0
0.856,15,15,90,10,1
0.854,15,15,90,10,2
0.853,15,15,90,10,3
0.852,15,15,90,10,4
0.85,15,15,90,10,8
0.847,15,15,90,10,12
0.844,15,15,90,10,16
0.841,15,15,90,10,20
0.84,15,15,90,10,24
0.857,15,15,90,30,0
0.853,15,15,90,30,1
0.851,15,15,90,30,2
0.844,15,15,90,30,3
0.841,15,15,90,30,4
0.84,15,15,90,30,8
0.835,15,15,90,30,12
0.83,15,15,90,30,16
0.825,15,15,90,30,20
0.821,15,15,90,30,24
0.857,15,15,90,60,0
0.851,15,15,90,60,1
0.841,15,15,90,60,2
0.843,15,15,90,60,3
0.84,15,15,90,60,4
0.786,15,15,90,60,8
0.821,15,15,90,60,12
0.812,15,15,90,60,16
0.808,15,15,90,60,20
0.808,15,15,90,60,24
1.023,15,20,90,10,0
1.021,15,20,90,10,1
1.02,15,20,90,10,2
1.018,15,20,90,10,3
1.017,15,20,90,10,4
1.015,15,20,90,10,8
1.012,15,20,90,10,12
1.009,15,20,90,10,16
1.007,15,20,90,10,20
1.005,15,20,90,10,24
1.023,15,20,90,30,0
1.018,15,20,90,30,1
1.016,15,20,90,30,2
1.015,15,20,90,30,3
1.013,15,20,90,30,4
1.006,15,20,90,30,8
1.001,15,20,90,30,12
0.995,15,20,90,30,16
0.99,15,20,90,30,20
0.986,15,20,90,30,24
1.023,15,20,90,60,0
1.016,15,20,90,60,1
1.013,15,20,90,60,2
1.009,15,20,90,60,3
1.006,15,20,90,60,4
0.995,15,20,90,60,8
0.986,15,20,90,60,12
0.979,15,20,90,60,16
0.974,15,20,90,60,20
0.973,15,20,90,60,24
0.287,20,0,90,10,0
0.287,20,0,90,10,1
0.287,20,0,90,10,2
0.287,20,0,90,10,3
0.287,20,0,90,10,4
0.287,20,0,90,10,8
0.282,20,0,90,10,12
0.273,20,0,90,10,16
0.266,20,0,90,10,20
0.261,20,0,90,10,24
0.287,20,0,90,30,0
0.287,20,0,90,30,1
0.287,20,0,90,30,2
0.287,20,0,90,30,3
0.285,20,0,90,30,4
0.263,20,0,90,30,8
0.247,20,0,90,30,12
0.234,20,0,90,30,16
0.22,20,0,90,30,20
0.235,20,0,90,30,24
0.287,20,0,90,60,0
0.287,20,0,90,60,1
0.285,20,0,90,60,2
0.272,20,0,90,60,3
0.263,20,0,90,60,4
0.235,20,0,90,60,8
0.221,20,0,90,60,12
0.223,20,0,90,60,16
0.222,20,0,90,60,20
0.223,20,0,90,60,24
0.569,20,5,90,10,0
0.566,20,5,90,10,1
0.563,20,5,90,10,2
0.561,20,5,90,10,3
0.56,20,5,90,10,4
0.556,20,5,90,10,8
0.55,20,5,90,10,12
0.545,20,5,90,10,16
0.541,20,5,90,10,20
0.538,20,5,90,10,24
0.569,20,5,90,30,0
0.561,20,5,90,30,1
0.558,20,5,90,30,2
0.556,20,5,90,30,3
0.552,20,5,90,30,4
0.539,20,5,90,30,8
0.53,20,5,90,30,12
0.518,20,5,90,30,16
0.508,20,5,90,30,20
0.5,20,5,90,30,24
0.569,20,5,90,60,0
0.558,20,5,90,60,1
0.552,20,5,90,60,2
0.544,20,5,90,60,3
0.539,20,5,90,60,4
0.519,20,5,90,60,8
0.5,20,5,90,60,12
0.486,20,5,90,60,16
0.481,20,5,90,60,20
0.48,20,5,90,60,24
0.77,20,10,90,10,0
0.766,20,10,90,10,1
0.763,20,10,90,10,2
0.761,20,10,90,10,3
0.759,20,10,90,10,4
0.741,20,10,90,10,8
0.736,20,10,90,10,12
0.724,20,10,90,10,16
0.721,20,10,90,10,20
0.718,20,10,90,10,24
0.77,20,10,90,30,0
0.761,20,10,90,30,1
0.756,20,10,90,30,2
0.74,20,10,90,30,3
0.737,20,10,90,30,4
0.719,20,10,90,30,8
0.71,20,10,90,30,12
0.7,20,10,90,30,16
0.691,20,10,90,30,20
0.684,20,10,90,30,24
0.77,20,10,90,60,0
0.756,20,10,90,60,1
0.737,20,10,90,60,2
0.724,20,10,90,60,3
0.719,20,10,90,60,4
0.7,20,10,90,60,8
0.684,20,10,90,60,12
0.671,20,10,90,60,16
0.666,20,10,90,60,20
0.665,20,10,90,60,24
0.985,20,15,90,10,0
0.959,20,15,90,10,1
0.956,20,15,90,10,2
0.979,20,15,90,10,3
0.951,20,15,90,10,4
0.946,20,15,90,10,8
0.907,20,15,90,10,12
0.932,20,15,90,10,16
0.928,20,15,90,10,20
0.924,20,15,90,10,24
0.985,20,15,90,30,0
0.953,20,15,90,30,1
0.949,20,15,90,30,2
0.946,20,15,90,30,3
0.941,20,15,90,30,4
0.925,20,15,90,30,8
0.915,20,15,90,30,12
0.903,20,15,90,30,16
0.871,20,15,90,30,20
0.884,20,15,90,30,24
0.985,20,15,90,60,0
0.948,20,15,90,60,1
0.941,20,15,90,60,2
0.902,20,15,90,60,3
0.948,20,15,90,60,4
0.925,20,15,90,60,8
0.885,20,15,90,60,12
0.852,20,15,90,60,16
0.865,20,15,90,60,20
0.865,20,15,90,60,24
1.15,20,20,90,10,0
1.148,20,20,90,10,1
1.146,20,20,90,10,2
1.144,20,20,90,10,3
1.143,20,20,90,10,4
1.14,20,20,90,10,8
1.136,20,20,90,10,12
1.132,20,20,90,10,16
1.129,20,20,90,10,20
1.127,20,20,90,10,24
1.15,20,20,90,30,0
1.145,20,20,90,30,1
1.142,20,20,90,30,2
1.14,20,20,90,30,3
1.138,20,20,90,30,4
1.128,20,20,90,30,8
1.121,20,20,90,30,12
1.114,20,20,90,30,16
1.107,20,20,90,30,20
1.102,20,20,90,30,24
1.15,20,20,90,60,0
1.142,20,20,90,60,1
1.138,20,20,90,60,2
1.132,20,20,90,60,3
1.128,20,20,90,60,4
1.114,20,20,90,60,8
1.102,20,20,90,60,12
1.093,20,20,90,60,16
1.083,20,20,90,60,20
1.082,20,20,90,60,24
0.364,25,0,90,10,0
0.364,25,0,90,10,1
0.364,25,0,90,10,2
0.364,25,0,90,10,3
0.364,25,0,90,10,4
0.364,25,0,90,10,8
0.361,25,0,90,10,12
0.347,25,0,90,10,16
0.338,25,0,90,10,20
0.332,25,0,90,10,24
0.364,25,0,90,30,0
0.364,25,0,90,30,1
0.364,25,0,90,30,2
0.364,25,0,90,30,3
0.364,25,0,90,30,4
0.334,25,0,90,30,8
0.314,25,0,90,30,12
0.298,25,0,90,30,16
0.281,25,0,90,30,20
0.3,25,0,90,30,24
0.364,25,0,90,60,0
0.364,25,0,90,60,1
0.364,25,0,90,60,2
0.346,25,0,90,60,3
0.334,25,0,90,60,4
0.299,25,0,90,60,8
0.289,25,0,90,60,12
0.291,25,0,90,60,16
0.29,25,0,90,60,20
0.291,25,0,90,60,24
0.677,25,5,90,10,0
0.672,25,5,90,10,1
0.669,25,5,90,10,2
0.666,25,5,90,10,3
0.665,25,5,90,10,4
0.66,25,5,90,10,8
0.653,25,5,90,10,12
0.645,25,5,90,10,16
0.64,25,5,90,10,20
0.635,25,5,90,10,24
0.677,25,5,90,30,0
0.667,25,5,90,30,1
0.662,25,5,90,30,2
0.659,25,5,90,30,3
0.655,25,5,90,30,4
0.637,25,5,90,30,8
0.623,25,5,90,30,12
0.609,25,5,90,30,16
0.596,25,5,90,30,20
0.586,25,5,90,30,24
0.677,25,5,90,60,0
0.662,25,5,90,60,1
0.655,25,5,90,60,2
0.644,25,5,90,60,3
0.637,25,5,90,60,4
0.609,25,5,90,60,8
0.586,25,5,90,60,12
0.569,25,5,90,60,16
0.562,25,5,90,60,20
0.561,25,5,90,60,24
0.857,25,10,90,10,0
0.852,25,10,90,10,1
0.849,25,10,90,10,2
0.846,25,10,90,10,3
0.845,25,10,90,10,4
0.84,25,10,90,10,8
0.833,25,10,90,10,12
0.825,25,10,90,10,16
0.82,25,10,90,10,20
0.817,25,10,90,10,24
0.857,25,10,90,30,0
0.847,25,10,90,30,1
0.843,25,10,90,30,2
0.839,25,10,90,30,3
0.834,25,10,90,30,4
0.817,25,10,90,30,8
0.806,25,10,90,30,12
0.794,25,10,90,30,16
0.783,25,10,90,30,20
0.774,25,10,90,30,24
0.857,25,10,90,60,0
0.843,25,10,90,60,1
0.834,25,10,90,60,2
0.824,25,10,90,60,3
0.818,25,10,90,60,4
0.794,25,10,90,60,8
0.775,25,10,90,60,12
0.758,25,10,90,60,16
0.751,25,10,90,60,20
0.75,25,10,90,60,24
1.069,25,15,90,10,0
1.063,25,15,90,10,1
1.059,25,15,90,10,2
1.056,25,15,90,10,3
1.054,25,15,90,10,4
1.02,25,15,90,10,8
1.013,25,15,90,10,12
1.006,25,15,90,10,16
1.024,25,15,90,10,20
0.997,25,15,90,10,24
1.069,25,15,90,30,0
1.057,25,15,90,30,1
1.023,25,15,90,30,2
1.02,25,15,90,30,3
1.015,25,15,90,30,4
1.021,25,15,90,30,8
1.008,25,15,90,30,12
0.974,25,15,90,30,16
0.963,25,15,90,30,20
0.97,25,15,90,30,24
1.069,25,15,90,60,0
1.023,25,15,90,60,1
1.015,25,15,90,60,2
1.029,25,15,90,60,3
1.021,25,15,90,60,4
0.993,25,15,90,60,8
0.97,25,15,90,60,12
0.953,25,15,90,60,16
0.946,25,15,90,60,20
0.945,25,15,90,60,24
1.219,25,20,90,10,0
1.284,25,20,90,10,1
1.253,25,20,90,10,2
1.279,25,20,90,10,3
1.207,25,20,90,10,4
1.272,25,20,90,10,8
1.263,25,20,90,10,12
1.253,25,20,90,10,16
1.247,25,20,90,10,20
1.257,25,20,90,10,24
1.219,25,20,90,30,0
1.279,25,20,90,30,1
1.276,25,20,90,30,2
1.271,25,20,90,30,3
1.265,25,20,90,30,4
1.214,25,20,90,30,8
1.2,25,20,90,30,12
1.185,25,20,90,30,16
1.173,25,20,90,30,20
1.134,25,20,90,30,24
1.219,25,20,90,60,0
1.276,25,20,90,60,1
1.265,25,20,90,60,2
1.221,25,20,90,60,3
1.214,25,20,90,60,4
1.186,25,20,90,60,8
1.163,25,20,90,60,12
1.145,25,20,90,60,16
1.112,25,20,90,60,20
1.112,25,20,90,60,24
0.446,30,0,90,10,0
0.446,30,0,90,10,1
0.446,30,0,90,10,2
0.446,30,0,90,10,3
0.446,30,0,90,10,4
0.446,30,0,90,10,8
0.442,30,0,90,10,12
0.424,30,0,90,10,16
0.414,30,0,90,10,20
0.406,30,0,90,10,24
0.446,30,0,90,30,0
0.446,30,0,90,30,1
0.446,30,0,90,30,2
0.446,30,0,90,30,3
0.446,30,0,90,30,4
0.408,30,0,90,30,8
0.384,30,0,90,30,12
0.365,30,0,90,30,16
0.344,30,0,90,30,20
0.326,30,0,90,30,24
0.446,30,0,90,60,0
0.446,30,0,90,60,1
0.446,30,0,90,60,2
0.423,30,0,90,60,3
0.409,30,0,90,60,4
0.366,30,0,90,60,8
0.354,30,0,90,60,12
0.356,30,0,90,60,16
0.355,30,0,90,60,20
0.356,30,0,90,60,24
0.791,30,5,90,10,0
0.786,30,5,90,10,1
0.782,30,5,90,10,2
0.78,30,5,90,10,3
0.778,30,5,90,10,4
0.771,30,5,90,10,8
0.761,30,5,90,10,12
0.75,30,5,90,10,16
0.743,30,5,90,10,20
0.738,30,5,90,10,24
0.791,30,5,90,30,0
0.78,30,5,90,30,1
0.775,30,5,90,30,2
0.77,30,5,90,30,3
0.764,30,5,90,30,4
0.74,30,5,90,30,8
0.724,30,5,90,30,12
0.706,30,5,90,30,16
0.691,30,5,90,30,20
0.678,30,5,90,30,24
0.791,30,5,90,60,0
0.775,30,5,90,60,1
0.764,30,5,90,60,2
0.749,30,5,90,60,3
0.74,30,5,90,60,4
0.706,30,5,90,60,8
0.679,30,5,90,60,12
0.512,30,5,90,60,16
0.507,30,5,90,60,20
0.508,30,5,90,60,24
0.971,30,10,90,10,0
0.965,30,10,90,10,1
0.961,30,10,90,10,2
0.959,30,10,90,10,3
0.957,30,10,90,10,4
0.95,30,10,90,10,8
0.942,30,10,90,10,12
0.933,30,10,90,10,16
0.927,30,10,90,10,20
0.923,30,10,90,10,24
0.971,30,10,90,30,0
0.959,30,10,90,30,1
0.954,30,10,90,30,2
0.95,30,10,90,30,3
0.944,30,10,90,30,4
0.924,30,10,90,30,8
0.911,30,10,90,30,12
0.895,30,10,90,30,16
0.882,30,10,90,30,20
0.87,30,10,90,30,24
0.971,30,10,90,60,0
0.953,30,10,90,60,1
0.944,30,10,90,60,2
0.932,30,10,90,60,3
0.924,30,10,90,60,4
0.896,30,10,90,60,8
0.87,30,10,90,60,12
0.849,30,10,90,60,16
0.841,30,10,90,60,20
0.84,30,10,90,60,24
1.182,30,15,90,10,0
1.175,30,15,90,10,1
1.17,30,15,90,10,2
1.166,30,15,90,10,3
1.164,30,15,90,10,4
1.14,30,15,90,10,8
1.145,30,15,90,10,12
1.134,30,15,90,10,16
1.107,30,15,90,10,20
1.103,30,15,90,10,24
1.182,30,15,90,30,0
1.166,30,15,90,30,1
1.143,30,15,90,30,2
1.14,30,15,90,30,3
1.148,30,15,90,30,4
1.124,30,15,90,30,8
1.09,30,15,90,30,12
1.075,30,15,90,30,16
1.062,30,15,90,30,20
1.051,30,15,90,30,24
1.182,30,15,90,60,0
1.143,30,15,90,60,1
1.148,30,15,90,60,2
1.112,30,15,90,60,3
1.124,30,15,90,60,4
1.076,30,15,90,60,8
1.052,30,15,90,60,12
1.032,30,15,90,60,16
1.024,30,15,90,60,20
1.023,30,15,90,60,24
1.374,30,20,90,10,0
1.367,30,20,90,10,1
1.362,30,20,90,10,2
1.359,30,20,90,10,3
1.319,30,20,90,10,4
1.384,30,20,90,10,8
1.303,30,20,90,10,12
1.294,30,20,90,10,16
1.288,30,20,90,10,20
1.315,30,20,90,10,24
1.374,30,20,90,30,0
1.359,30,20,90,30,1
1.315,30,20,90,30,2
1.311,30,20,90,30,3
1.306,30,20,90,30,4
1.285,30,20,90,30,8
1.3,30,20,90,30,12
1.256,30,20,90,30,16
1.267,30,20,90,30,20
1.254,30,20,90,30,24
1.374,30,20,90,60,0
1.315,30,20,90,60,1
1.341,30,20,90,60,2
1.294,30,20,90,60,3
1.317,30,20,90,60,4
1.283,30,20,90,60,8
1.255,30,20,90,60,12
1.234,30,20,90,60,16
1.225,30,20,90,60,20
1.225,30,20,90,60,24
